G_loss,D_loss
0.7791601419448853,1.3826619386672974
