G_loss,D_loss
1.323914647102356,0.5461743474006653
1.5039737224578857,0.5432752966880798
1.2796988487243652,0.47562435269355774
1.4575331211090088,0.6883569955825806
2.308600425720215,0.4524613916873932
