G_loss,D_loss
1.323914647102356,0.5461743474006653
