G_loss,D_loss
1.7441505193710327,0.6563056707382202
