G_loss,D_loss
1.7441505193710327,0.6563056707382202
2.5213186740875244,1.0377893447875977
2.982417106628418,0.36480042338371277
0.6264877319335938,1.1611906290054321
1.7845767736434937,0.33424389362335205
1.354508399963379,0.3553854525089264
2.549166440963745,0.30692258477211
2.292060375213623,0.37387731671333313
4.745185375213623,0.5750917196273804
2.0609138011932373,0.4198070168495178
