G_loss,D_loss
0.8850085735321045,0.9577212929725647
0.7733616828918457,0.8819231986999512
1.3877673149108887,0.651049017906189
1.4729571342468262,0.7135260701179504
0.9557041525840759,0.7821070551872253
