G_loss,D_loss
0.8850085735321045,0.9577212929725647
