G_loss,D_loss
0.7541088461875916,1.344045877456665
0.7610098123550415,1.400653600692749
0.7403811812400818,1.3764901161193848
0.7083449363708496,1.3744908571243286
0.7467617988586426,1.4121947288513184
