G_loss,D_loss
0.7541088461875916,1.344045877456665
