G_loss,D_loss
1.3205108642578125,0.9023897647857666
2.0328290462493896,0.9798725247383118
1.82415771484375,0.7803025245666504
2.9765567779541016,0.5809847712516785
1.1677557229995728,0.8764711618423462
