G_loss,D_loss
1.3205108642578125,0.9023897647857666
