G_loss,D_loss
0.8464503288269043,1.007220983505249
1.100571870803833,0.8074595332145691
1.418623924255371,0.64194655418396
1.2828844785690308,0.6638650894165039
1.1014330387115479,0.7878394722938538
