G_loss,D_loss
0.8464503288269043,1.007220983505249
