{"train_accs": [9.962222222222222, 9.962222222222222, 9.962222222222222, 9.962222222222222, 9.962222222222222, 9.962222222222222, 9.962222222222222, 9.962222222222222, 9.962222222222222, 9.962222222222222], "val_accs": [10.34, 10.34, 10.34, 10.34, 10.34, 10.34, 10.34, 10.34, 10.34, 10.34], "train_losses": [NaN, NaN, NaN, NaN, NaN, NaN, NaN, NaN, NaN, NaN], "val_losses": [NaN, NaN, NaN, NaN, NaN, NaN, NaN, NaN, NaN, NaN], "test_acc": 10.0}