G_loss,D_loss
0.7464116811752319,1.3491498231887817
0.7615538239479065,1.3474924564361572
0.8039842844009399,1.3587610721588135
0.7085652351379395,1.3948187828063965
0.775860607624054,1.3903279304504395
