G_loss,D_loss
0.7464116811752319,1.3491498231887817
