G_loss,D_loss
1.7749053239822388,0.27029848098754883
