G_loss,D_loss
1.7749053239822388,0.27029848098754883
3.0488462448120117,0.2077745646238327
4.397422790527344,0.3475637137889862
4.022220134735107,0.23370707035064697
4.240841388702393,0.2921444773674011
