G_loss,D_loss
1.3818176984786987,1.064867615699768
1.9490703344345093,0.7364860773086548
1.6127849817276,0.6746581196784973
2.886654853820801,0.5935306549072266
2.236464262008667,0.538745641708374
