G_loss,D_loss
1.3818176984786987,1.064867615699768
1.9490703344345093,0.7364860773086548
1.6127849817276,0.6746581196784973
2.886654853820801,0.5935306549072266
2.236464262008667,0.538745641708374
1.7769056558609009,0.5522434115409851
1.5634220838546753,0.4643000364303589
2.8628196716308594,0.4386553168296814
2.5210514068603516,0.7875653505325317
2.0418946743011475,0.49535462260246277
