G_loss,D_loss
1.3818176984786987,1.064867615699768
