G_loss,D_loss
0.9149159789085388,1.6674790382385254
1.0862106084823608,1.4956200122833252
0.9256256222724915,1.4221079349517822
0.8810197710990906,1.3556649684906006
0.7913318872451782,1.4100968837738037
