G_loss,D_loss
0.9149159789085388,1.6674790382385254
