G_loss,D_loss
1.1491492441359987,0.933487680871436
