G_loss,D_loss
1.1491492441359987,0.933487680871436
1.3662621259689331,0.7596052981437521
1.4040117497139788,0.7752641365883198
1.44770857679083,0.7549407061110152
1.5196804362408658,0.7136114574493246
1.5845903447333802,0.7059360805978167
1.6347049936335138,0.6718796065513124
1.6880746970785425,0.6632042666699024
1.7241638924213165,0.6466103749072298
1.7574435141492397,0.6447495551819497
