G_loss,D_loss
1.1491492441359987,0.933487680871436
1.3662621259689331,0.7596052981437521
1.4040117497139788,0.7752641365883198
1.44770857679083,0.7549407061110152
1.5196804362408658,0.7136114574493246
