G_loss,D_loss
0.7745009660720825,1.4016127586364746
