G_loss,D_loss
1.0674080848693848,1.0390148162841797
1.5014588832855225,0.8496430516242981
1.8171666860580444,0.777381181716919
0.959624171257019,0.8621465563774109
1.9678802490234375,0.9511938095092773
