G_loss,D_loss
1.0674080848693848,1.0390148162841797
