G_loss,D_loss
1.0168012380599976,1.4412553310394287
1.0320930480957031,1.2035683393478394
1.168995976448059,1.1968265771865845
0.9834275245666504,1.3501267433166504
0.9303686022758484,1.3491456508636475
