G_loss,D_loss
1.0168012380599976,1.4412553310394287
