G_loss,D_loss
1.0839748235459024,0.9832960975931045
