G_loss,D_loss
1.0839748235459024,0.9832960975931045
1.2551871864085502,0.8388242680975732
1.30757582390562,0.830302089579562
1.3444140131169178,0.8147585693826067
1.4054057847946249,0.7847671336316048
